candidato,origen,orden_clases,cantidad_reglas,antecedentes_promedio,antecedentes_max,cobertura_train,cobertura_val,cobertura_test,hard_ba_train,hard_ba_val,hard_ba_test,hard_f1_macro_val,hard_f1_macro_test,hard_acc_val,hard_acc_test,fuzzy_ba_train,fuzzy_ba_val,fuzzy_ba_test,fuzzy_f1_macro_val,fuzzy_f1_macro_test,fuzzy_acc_val,fuzzy_acc_test,gap_fuzzy_ba,reglas_por_clase,puntaje_pre_ag
12,bootstrap_006,"['low risk', 'mid risk', 'high risk']",28,2.9285714285714284,6,0.9322033898305084,0.903954802259887,0.9243421052631579,0.6618699696529885,0.6620784933183668,0.6393692584336039,0.6502940325845946,0.6194444444444445,0.6779661016949152,0.6546052631578947,0.6459955139200422,0.6664855100067891,0.6410906057346312,0.6550965226686788,0.6225543009607288,0.672316384180791,0.6513157894736842,0.0,"{'bajo': 10, 'medio': 5, 'alto': 13}",0.6505635861599245
100,bootstrap_094,"['mid risk', 'low risk', 'high risk']",22,2.8181818181818183,5,0.7947269303201506,0.7966101694915254,0.7993421052631579,0.6244254958877601,0.6136673388086663,0.6142172975612418,0.6224753467278384,0.6210838286533358,0.6214689265536724,0.6217105263157895,0.6374714122355631,0.6777849450350377,0.6543767458785791,0.6663511999327246,0.627376391551549,0.6836158192090396,0.6611842105263158,0.0,"{'bajo': 6, 'medio': 4, 'alto': 12}",0.6414220772216772
119,bootstrap_113,"['low risk', 'high risk', 'mid risk']",23,2.9130434782608696,5,0.9096045197740112,0.8926553672316384,0.8848684210526315,0.6443682104059462,0.6310448337337403,0.6285691762080864,0.6092442831172914,0.6059017027863778,0.6440677966101694,0.6414473684210527,0.6475843339050886,0.6565083492903568,0.6393995275359022,0.6432514639055086,0.6219298245614034,0.6666666666666666,0.6447368421052632,0.0,"{'bajo': 8, 'medio': 4, 'alto': 11}",0.6408038245056412
122,bootstrap_116,"['high risk', 'low risk', 'mid risk']",23,3.1739130434782608,5,0.7966101694915254,0.807909604519774,0.8486842105263158,0.6481148568412719,0.6233651457972501,0.5863397869720454,0.6132923539786285,0.5631225045764446,0.6440677966101694,0.6019736842105263,0.6742561683599421,0.6640678304712274,0.6267660025426046,0.6587610788864128,0.6240708524857428,0.672316384180791,0.6348684210526315,0.01018833788871465,"{'bajo': 8, 'medio': 6, 'alto': 9}",0.6356145958412468
109,bootstrap_103,"['high risk', 'mid risk', 'low risk']",21,2.8095238095238093,4,0.8625235404896422,0.8587570621468926,0.8552631578947368,0.64061331750011,0.5882630801034118,0.5972499688993289,0.5989954105399324,0.6033828557355919,0.5932203389830508,0.6019736842105263,0.6272842723314421,0.6627455561594111,0.6409289487707086,0.6481730274833724,0.6205566876096679,0.6666666666666666,0.6447368421052632,0.0,"{'bajo': 8, 'medio': 4, 'alto': 9}",0.6339684030634144
65,bootstrap_059,"['low risk', 'high risk', 'mid risk']",23,2.9130434782608696,5,0.8606403013182674,0.8983050847457628,0.8980263157894737,0.636162972247878,0.6327548171587525,0.6281580486208266,0.6252634046696897,0.604872191468577,0.655367231638418,0.6447368421052632,0.6601629502572899,0.6422240620063692,0.6494621745988346,0.6381247578457963,0.6364461298777505,0.6610169491525424,0.6611842105263158,0.017938888250920715,"{'bajo': 10, 'medio': 6, 'alto': 7}",0.633159034281545
93,bootstrap_087,"['mid risk', 'high risk', 'low risk']",25,2.96,5,0.8192090395480226,0.807909604519774,0.8421052631578947,0.6489532480098518,0.5847703119788572,0.5753407935028536,0.5993080993080994,0.5958669955602253,0.5988700564971752,0.5789473684210527,0.6735882042485816,0.6668325858504797,0.642941345132296,0.6662689357611674,0.6407667424106617,0.6779661016949152,0.6513157894736842,0.0067556183981019036,"{'bajo': 6, 'medio': 7, 'alto': 12}",0.6287004284292003
36,bootstrap_030,"['low risk', 'mid risk', 'high risk']",26,2.769230769230769,5,0.9190207156308852,0.9378531073446328,0.9144736842105263,0.6680740643004794,0.6317796186906267,0.6314806646961814,0.6328866968657832,0.6271613228134968,0.655367231638418,0.6513157894736842,0.6698085719312133,0.630904310343368,0.6306391171267903,0.6370421036631707,0.626873662067387,0.6497175141242938,0.6414473684210527,0.038904261587845324,"{'bajo': 9, 'medio': 7, 'alto': 10}",0.6278523869311975
34,bootstrap_028,"['mid risk', 'low risk', 'high risk']",25,2.72,4,0.9698681732580038,0.9661016949152542,0.9802631578947368,0.6574278708712672,0.632406048262166,0.5932295003336253,0.6448200182377398,0.6108531702501097,0.6440677966101694,0.6052631578947368,0.6415754057263491,0.6238324283965604,0.5994785731344753,0.619944924219589,0.6021714959557303,0.6440677966101694,0.6217105263157895,0.01774297732978869,"{'bajo': 10, 'medio': 7, 'alto': 8}",0.6273649368977082
42,bootstrap_036,"['low risk', 'mid risk', 'high risk']",28,3.0357142857142856,6,0.8907721280602636,0.864406779661017,0.8980263157894737,0.6431010027708142,0.5780471989286361,0.5896673924598669,0.5683625730994152,0.5669487624653923,0.6045197740112994,0.6085526315789473,0.6604598231956722,0.6581980160806165,0.6333939380634294,0.6616825176246358,0.6291371533895068,0.6779661016949152,0.6447368421052632,0.0022618071150557473,"{'bajo': 13, 'medio': 2, 'alto': 13}",0.6262042871988479
80,bootstrap_074,"['high risk', 'low risk', 'mid risk']",29,2.7586206896551726,4,0.871939736346516,0.8813559322033898,0.868421052631579,0.6621860843558958,0.6451293407759938,0.626521521331734,0.629003019565633,0.5942182624127296,0.6610169491525424,0.6447368421052632,0.64777950037384,0.6376494330812378,0.6343555641595201,0.6181284254788325,0.5992165690557495,0.6497175141242938,0.6414473684210527,0.01013006729260224,"{'bajo': 8, 'medio': 5, 'alto': 16}",0.6255425170994097
103,bootstrap_097,"['high risk', 'mid risk', 'low risk']",22,2.8181818181818183,5,0.8116760828625236,0.8361581920903954,0.875,0.6494342921229714,0.5958428779190348,0.6198693040035711,0.5982718712780063,0.6191373944869262,0.5988700564971752,0.618421052631579,0.6705287636891409,0.6514461211311625,0.6363183990239379,0.627920227920228,0.6167148982577494,0.655367231638418,0.6414473684210527,0.019082642557978424,"{'bajo': 8, 'medio': 4, 'alto': 10}",0.6238453460225516
86,bootstrap_080,"['high risk', 'low risk', 'mid risk']",23,2.869565217391304,5,0.879472693032015,0.8531073446327684,0.8782894736842105,0.6208822623916964,0.5851393975101964,0.6006594007516052,0.5764565827911996,0.5905882473508374,0.6101694915254238,0.618421052631579,0.6329001187491754,0.6436462264390526,0.6277994761782165,0.6479804598511003,0.6264249992234338,0.6610169491525424,0.6414473684210527,0.0,"{'bajo': 8, 'medio': 6, 'alto': 9}",0.6217097731699526
9,bootstrap_003,"['mid risk', 'high risk', 'low risk']",20,2.75,4,0.839924670433145,0.864406779661017,0.8618421052631579,0.6299478823063729,0.5810709914009844,0.6007917864957227,0.599023519338325,0.6197858343150763,0.5932203389830508,0.6085526315789473,0.6485684127193561,0.641756779407059,0.6190167797267532,0.6310217373114696,0.6124672073867867,0.6610169491525424,0.6348684210526315,0.006811633312297061,"{'bajo': 8, 'medio': 3, 'alto': 9}",0.6212948580153601
98,bootstrap_092,"['high risk', 'low risk', 'mid risk']",21,2.9523809523809526,5,0.7702448210922788,0.7853107344632768,0.7467105263157895,0.6449042309891366,0.5898342331909475,0.5702412813343418,0.5721531199020102,0.5434536829945683,0.615819209039548,0.5953947368421053,0.6641130096318776,0.6532559946770417,0.6279691162020858,0.6399176954732511,0.6124040993931066,0.6610169491525424,0.6348684210526315,0.01085701495483593,"{'bajo': 8, 'medio': 2, 'alto': 11}",0.6208248362226213
26,bootstrap_020,"['high risk', 'low risk', 'mid risk']",25,3.16,6,0.9209039548022598,0.8926553672316384,0.9342105263157895,0.6219625500285878,0.5936740771591927,0.6042637523175821,0.5776986019054605,0.573565438387686,0.615819209039548,0.618421052631579,0.6365313145973523,0.6299697451447476,0.5964599785920942,0.6283661124077994,0.5821693250012098,0.6497175141242938,0.6118421052631579,0.006561569452604776,"{'bajo': 11, 'medio': 5, 'alto': 9}",0.6167437574955259
99,bootstrap_093,"['mid risk', 'high risk', 'low risk']",30,2.933333333333333,5,0.9020715630885122,0.8926553672316384,0.8881578947368421,0.6564547873510138,0.607489388790974,0.5975712870621873,0.624034426241557,0.6148148148148148,0.615819209039548,0.6019736842105263,0.6395770110392752,0.630904310343368,0.6122544626968239,0.630656090819166,0.603366422215001,0.6497175141242938,0.6217105263157895,0.008672700695907198,"{'bajo': 8, 'medio': 8, 'alto': 14}",0.616347543700164
125,bootstrap_119,"['low risk', 'high risk', 'mid risk']",18,3.111111111111111,5,0.8267419962335216,0.8022598870056498,0.8322368421052632,0.6140184501033557,0.5998113939073798,0.606911467199935,0.5816802168021681,0.5660218134447661,0.6214689265536724,0.6217105263157895,0.6095186260280601,0.6300696352656147,0.6145758700038518,0.6241379310344827,0.5903271491290186,0.6440677966101694,0.625,0.0,"{'bajo': 9, 'medio': 4, 'alto': 5}",0.6141368782182967
113,bootstrap_107,"['low risk', 'high risk', 'mid risk']",22,2.8636363636363638,5,0.8305084745762712,0.8700564971751412,0.8486842105263158,0.636891410476316,0.5963389424175779,0.5970823246404463,0.5924187932500798,0.5819404765083349,0.6271186440677966,0.6217105263157895,0.6628155649382065,0.6251547027083767,0.6212483776093796,0.6317719981348326,0.6245021102627424,0.6497175141242938,0.6414473684210527,0.037660862229829783,"{'bajo': 11, 'medio': 3, 'alto': 8}",0.61364494625721
101,bootstrap_095,"['low risk', 'high risk', 'mid risk']",19,3.3157894736842106,6,0.6817325800376648,0.6892655367231638,0.7368421052631579,0.5959834190966267,0.5507534931913878,0.5878116636497352,0.5325971717329573,0.564784877979969,0.576271186440678,0.6085526315789473,0.6387441175177024,0.6669527926060993,0.6431109851561653,0.6528526714382646,0.6274911246321566,0.672316384180791,0.6447368421052632,0.0,"{'bajo': 8, 'medio': 4, 'alto': 7}",0.6135889157574701
19,bootstrap_013,"['high risk', 'mid risk', 'low risk']",23,2.5652173913043477,5,0.8700564971751412,0.8305084745762712,0.8651315789473685,0.608166204864318,0.5643504009995784,0.5411909261879625,0.5465811677431894,0.5058905162909423,0.5932203389830508,0.5657894736842105,0.6303272199498614,0.6408814710598003,0.5989955980076943,0.6399738193206104,0.5817744830523489,0.655367231638418,0.6151315789473685,0.0,"{'bajo': 7, 'medio': 3, 'alto': 13}",0.613109045119504
116,bootstrap_110,"['high risk', 'low risk', 'mid risk']",28,2.857142857142857,5,0.8493408662900188,0.8757062146892656,0.8486842105263158,0.6156512512644589,0.599323794673317,0.5733849438158894,0.5860443079955274,0.5330534022394487,0.6214689265536724,0.5921052631578947,0.6414187227866474,0.6233448291624976,0.6216372191542879,0.62888025475136,0.6152262099079182,0.6440677966101694,0.6348684210526315,0.018073893624149795,"{'bajo': 10, 'medio': 5, 'alto': 13}",0.6100921257787671
126,bootstrap_120,"['low risk', 'mid risk', 'high risk']",20,3.1,5,0.7212806026365348,0.6610169491525424,0.694078947368421,0.6363746316576505,0.6182030275171887,0.6280236671117222,0.6025157395206229,0.6041719281454382,0.6384180790960452,0.6414473684210527,0.6522490873905968,0.6446332762774507,0.6734170091066756,0.6315428149931157,0.6664780857566192,0.632768361581921,0.6677631578947368,0.0076158111131461315,"{'bajo': 8, 'medio': 3, 'alto': 9}",0.6098324295010716
21,bootstrap_015,"['mid risk', 'high risk', 'low risk']",21,2.857142857142857,4,0.832391713747646,0.8135593220338984,0.8289473684210527,0.6147578836258082,0.5717812101603491,0.5593846524342013,0.5805787911494873,0.5728214731585518,0.576271186440678,0.5625,0.6284690152614681,0.630904310343368,0.618770302750896,0.6327436421599482,0.6181207878340339,0.6497175141242938,0.631578947368421,0.0,"{'bajo': 9, 'medio': 4, 'alto': 8}",0.6086886936231386
69,bootstrap_063,"['mid risk', 'high risk', 'low risk']",27,2.962962962962963,5,0.8116760828625236,0.751412429378531,0.8125,0.6539973391388486,0.5786346882835661,0.5835849660354062,0.5587895856479687,0.5635739947193005,0.5988700564971752,0.5986842105263158,0.6793249989004706,0.6496159309505307,0.6351728299215731,0.633475213668437,0.6241974009520331,0.6497175141242938,0.6348684210526315,0.029709067949939882,"{'bajo': 11, 'medio': 3, 'alto': 13}",0.6072882140391785
123,bootstrap_117,"['mid risk', 'high risk', 'low risk']",19,3.0,6,0.7853107344632768,0.8135593220338984,0.805921052631579,0.6533018867924528,0.5777983201529165,0.5718758128584477,0.5933688999656016,0.5862993748223927,0.5875706214689266,0.5822368421052632,0.6457975986277874,0.6254543730709778,0.5975812658871209,0.6215475437486823,0.5913687169767599,0.632768361581921,0.6019736842105263,0.020343225556809563,"{'bajo': 8, 'medio': 5, 'alto': 6}",0.6065303758664898
63,bootstrap_057,"['mid risk', 'high risk', 'low risk']",28,3.2142857142857144,6,0.7570621468926554,0.7740112994350282,0.7598684210526315,0.6239307076571227,0.5681902449678234,0.5584077254732125,0.5469082504796791,0.5332928348195524,0.5932203389830508,0.5756578947368421,0.6690004178211725,0.6450887075064886,0.6455617845598307,0.6452565522332964,0.6449812792715223,0.6610169491525424,0.6513157894736842,0.023911710314683865,"{'bajo': 11, 'medio': 4, 'alto': 13}",0.6059136023979073
37,bootstrap_031,"['high risk', 'mid risk', 'low risk']",24,3.125,5,0.903954802259887,0.8813559322033898,0.9078947368421053,0.6816257641729341,0.5857658270817355,0.625097210386227,0.6005633001045846,0.6390119893081568,0.5988700564971752,0.631578947368421,0.6691351101728461,0.6186499934817463,0.6200229779075469,0.6166081871345028,0.6161574885831179,0.6384180790960452,0.6381578947368421,0.050485116691099785,"{'bajo': 9, 'medio': 7, 'alto': 8}",0.6057503182564546
16,bootstrap_010,"['mid risk', 'low risk', 'high risk']",23,3.0434782608695654,5,0.7815442561205274,0.8531073446327684,0.7796052631578947,0.6211324053305186,0.6072709849673833,0.6003826546734496,0.5934927983539094,0.583804945132215,0.632768361581921,0.625,0.6621530984738532,0.6140550479218622,0.6321685383615967,0.6122865387738446,0.6203374356240599,0.6271186440677966,0.6414473684210527,0.04809805055199101,"{'bajo': 8, 'medio': 5, 'alto': 10}",0.6053662067674696
111,bootstrap_105,"['mid risk', 'high risk', 'low risk']",22,2.909090909090909,6,0.9322033898305084,0.9265536723163842,0.9210526315789473,0.6452863174561286,0.5609490577314108,0.6108847026609535,0.5786324786324786,0.6297559531439804,0.5649717514124294,0.6151315789473685,0.6603883537845802,0.615297748747564,0.6294905543769455,0.6124268489061703,0.6143141094686123,0.6384180790960452,0.6480263157894737,0.04509060503701612,"{'bajo': 7, 'medio': 5, 'alto': 10}",0.6049822077904689
88,bootstrap_082,"['mid risk', 'low risk', 'high risk']",20,2.65,4,0.8738229755178908,0.864406779661017,0.8848684210526315,0.6361657210713815,0.5791612277342381,0.6106977660071994,0.5897756538659645,0.6183564795487647,0.5932203389830508,0.618421052631579,0.6346621146149448,0.6158852381024941,0.6229474388680554,0.6040894281541399,0.6118549521237214,0.632768361581921,0.6348684210526315,0.018776876512450746,"{'bajo': 7, 'medio': 4, 'alto': 9}",0.6046856415539877
24,bootstrap_018,"['low risk', 'mid risk', 'high risk']",24,2.9583333333333335,5,0.815442561205273,0.807909604519774,0.8453947368421053,0.6487553327175969,0.6055000516381134,0.5943255079388204,0.6239316239316239,0.6112169141336302,0.6214689265536724,0.6052631578947368,0.6389915116330211,0.6178542586206021,0.6336879807714696,0.6280254181852163,0.6446932006633499,0.6271186440677966,0.6414473684210527,0.02113725301241909,"{'bajo': 10, 'medio': 5, 'alto': 9}",0.6045637792578018
115,bootstrap_109,"['high risk', 'mid risk', 'low risk']",20,2.7,5,0.8945386064030132,0.8531073446327684,0.875,0.6416111404318952,0.6112699759078574,0.6332322810995068,0.6217271321200193,0.6380719194519894,0.6214689265536724,0.6381578947368421,0.5995211549456833,0.6036309212408723,0.6098805002451465,0.5971384336396952,0.5983823123313053,0.6214689265536724,0.625,0.0,"{'bajo': 7, 'medio': 3, 'alto': 10}",0.6040940336292541
8,bootstrap_002,"['high risk', 'low risk', 'mid risk']",24,3.0833333333333335,5,0.815442561205273,0.8587570621468926,0.875,0.5913763909046929,0.5875570770457582,0.5977126537487452,0.5634220495749421,0.5836960437490071,0.6101694915254238,0.618421052631579,0.6409266833795135,0.617227829049063,0.647387244267664,0.6108639328151523,0.6406577239522796,0.6384180790960452,0.6611842105263158,0.02369885433045049,"{'bajo': 12, 'medio': 2, 'alto': 10}",0.6039024867133652
77,bootstrap_071,"['low risk', 'high risk', 'mid risk']",20,3.05,6,0.8305084745762712,0.8531073446327684,0.8651315789473685,0.6184303118265383,0.5780471989286361,0.5643780564309202,0.5666719116345663,0.5447303921568628,0.6045197740112994,0.5855263157894737,0.6518147732770374,0.6144224404003055,0.601369560459372,0.616775005709384,0.5963731527783827,0.632768361581921,0.6118421052631579,0.03739233287673194,"{'bajo': 11, 'medio': 2, 'alto': 7}",0.6029392783762587
117,bootstrap_111,"['mid risk', 'high risk', 'low risk']",22,3.090909090909091,5,0.7627118644067796,0.7344632768361582,0.7763157894736842,0.6105824207239302,0.5852596042658161,0.6198712997685578,0.5552104899930986,0.5743464983971313,0.6045197740112994,0.631578947368421,0.6224518406122179,0.6311040905851021,0.6151516482025142,0.6286160841148053,0.605303910181959,0.6384180790960452,0.6151315789473685,0.0,"{'bajo': 10, 'medio': 2, 'alto': 10}",0.6024119022408108
35,bootstrap_029,"['low risk', 'high risk', 'mid risk']",18,3.0,6,0.864406779661017,0.8813559322033898,0.868421052631579,0.6291754629018779,0.5737197557263282,0.5682734570574575,0.5650331285231963,0.5563541271990499,0.6045197740112994,0.5953947368421053,0.6554459691252144,0.6086728327653141,0.600958432872112,0.6074380790319531,0.5994094794094794,0.632768361581921,0.6151315789473685,0.046773136359900214,"{'bajo': 8, 'medio': 5, 'alto': 5}",0.6021211118334621
18,bootstrap_012,"['low risk', 'mid risk', 'high risk']",25,2.8,4,0.9397363465160076,0.9265536723163842,0.9177631578947368,0.6405638386770461,0.5841845156768233,0.614567886943905,0.570054945054945,0.5994951101926205,0.6101694915254238,0.6381578947368421,0.6633021066983331,0.6078381576875607,0.6407865842016575,0.6021954220140223,0.6301939739432996,0.6271186440677966,0.6546052631578947,0.05546394901077245,"{'bajo': 9, 'medio': 4, 'alto': 12}",0.6021076939616471
57,bootstrap_051,"['mid risk', 'high risk', 'low risk']",25,2.88,5,0.9303201506591338,0.9152542372881356,0.9276315789473685,0.649621212121212,0.6263889382695984,0.6129596329921241,0.6358931825929176,0.6230266864027164,0.632768361581921,0.6151315789473685,0.6238674847165414,0.593753650645307,0.622374654316873,0.5837906526921866,0.6182979097753339,0.6101694915254238,0.631578947368421,0.030113834071234358,"{'bajo': 8, 'medio': 4, 'alto': 13}",0.6018034102710437
67,bootstrap_061,"['high risk', 'mid risk', 'low risk']",25,3.08,6,0.879472693032015,0.8587570621468926,0.9111842105263158,0.6285927123191274,0.5649378903545084,0.6086551005433137,0.5404444626746036,0.5906261647906046,0.5875706214689266,0.6217105263157895,0.6482413027224349,0.6234650359181172,0.6477983718549238,0.6087316366645976,0.6400798507897653,0.6384180790960452,0.6578947368421053,0.02477626680431766,"{'bajo': 7, 'medio': 4, 'alto': 14}",0.6014801525708934
39,bootstrap_033,"['mid risk', 'high risk', 'low risk']",23,3.0434782608695654,6,0.7740112994350282,0.7796610169491526,0.7269736842105263,0.5977371684918854,0.5886118489999983,0.5700846137828861,0.5598258612373317,0.5253130924724292,0.6045197740112994,0.5888157894736842,0.6349644852003343,0.6254746897057305,0.601212892907916,0.6067456745674568,0.5754149726242749,0.632768361581921,0.6052631578947368,0.009489795494603825,"{'bajo': 9, 'medio': 4, 'alto': 10}",0.6013758940297957
62,bootstrap_056,"['high risk', 'low risk', 'mid risk']",23,3.1739130434782608,5,0.864406779661017,0.8757062146892656,0.8848684210526315,0.6123856489422527,0.5856269967442592,0.5770611429213874,0.5667083826596765,0.5534027356993128,0.6101694915254238,0.6019736842105263,0.6688629766459955,0.6110905123008759,0.6255103337384736,0.6048344783284542,0.6098703843333674,0.632768361581921,0.6414473684210527,0.05777246434511962,"{'bajo': 9, 'medio': 5, 'alto': 9}",0.6005861015838058
75,bootstrap_069,"['mid risk', 'high risk', 'low risk']",19,2.8421052631578947,5,0.8097928436911488,0.807909604519774,0.8223684210526315,0.6118166424770198,0.5735115102201138,0.5897997782039844,0.5894783750820903,0.6082305084987447,0.5875706214689266,0.5986842105263158,0.6426859304217795,0.6168401199358672,0.6117089536004598,0.6117571059431525,0.606541194412672,0.632768361581921,0.6217105263157895,0.02584581048591228,"{'bajo': 7, 'medio': 3, 'alto': 9}",0.5995467425339535
30,bootstrap_024,"['low risk', 'mid risk', 'high risk']",19,3.0,6,0.6911487758945386,0.7062146892655368,0.694078947368421,0.5746278092976206,0.5846721149108861,0.5604251112472667,0.5620739666424945,0.5258048742170791,0.6101694915254238,0.5822368421052632,0.613465936579144,0.6255339465570923,0.6235455031090692,0.6340428812801382,0.6287956287793907,0.6271186440677966,0.6282894736842105,0.0,"{'bajo': 9, 'medio': 5, 'alto': 5}",0.5994771533152908
89,bootstrap_083,"['low risk', 'high risk', 'mid risk']",18,3.0,5,0.7627118644067796,0.7740112994350282,0.7796052631578947,0.6212121212121212,0.5704877177477656,0.5818060741772625,0.5548687029894638,0.5610948191593352,0.5988700564971752,0.6085526315789473,0.619101024761402,0.6182622843685505,0.6107250414620177,0.6211484593837534,0.6044913145369767,0.632768361581921,0.6217105263157895,0.0008387403928515891,"{'bajo': 8, 'medio': 3, 'alto': 7}",0.599202724596064
92,bootstrap_086,"['high risk', 'low risk', 'mid risk']",25,3.24,5,0.8097928436911488,0.8361581920903954,0.8486842105263158,0.6226689976689976,0.6072709849673833,0.6054316074622983,0.6028589111856982,0.586463172588279,0.632768361581921,0.6282894736842105,0.6382245898755333,0.6082055501660039,0.6092228956820295,0.6012246852764095,0.6015165165165165,0.632768361581921,0.625,0.03001903970952946,"{'bajo': 11, 'medio': 5, 'alto': 9}",0.5990443078276826
50,bootstrap_044,"['high risk', 'low risk', 'mid risk']",20,3.2,5,0.7702448210922788,0.7909604519774012,0.7828947368421053,0.587618749175353,0.5908094316590734,0.5869175609356945,0.567606110057484,0.5259111533451981,0.615819209039548,0.6052631578947368,0.6406160663236135,0.6125126767335592,0.6467073536621954,0.6173719107896324,0.632461878092817,0.632768361581921,0.6578947368421053,0.028103389590054206,"{'bajo': 7, 'medio': 3, 'alto': 10}",0.5988462914957949
94,bootstrap_088,"['mid risk', 'low risk', 'high risk']",18,2.611111111111111,5,0.8606403013182674,0.8192090395480226,0.8421052631578947,0.6000626731758808,0.5252696610000186,0.5500008980942441,0.4950980392156863,0.5223728316358472,0.5536723163841808,0.5756578947368421,0.6426694374807583,0.6273048798863623,0.6344899456686245,0.6069369435911697,0.6027699380630779,0.6384180790960452,0.6447368421052632,0.015364557594396033,"{'bajo': 8, 'medio': 2, 'alto': 8}",0.5970527425773844
27,bootstrap_021,"['mid risk', 'high risk', 'low risk']",27,3.1481481481481484,6,0.815442561205273,0.8305084745762712,0.8125,0.5928937414786472,0.5526835734928867,0.5688592140810533,0.5187892632781268,0.5181921410614901,0.576271186440678,0.5855263157894737,0.655896776179795,0.6252749094639963,0.6174377969947771,0.6208987353565667,0.6048000562232061,0.6440677966101694,0.6282894736842105,0.030621866715798696,"{'bajo': 11, 'medio': 3, 'alto': 13}",0.5965337970880694
107,bootstrap_101,"['low risk', 'high risk', 'mid risk']",23,2.9565217391304346,5,0.6384180790960452,0.5819209039548022,0.6085526315789473,0.6216794212077231,0.5620732448543889,0.5705453028673156,0.5270925072786021,0.5340493535928212,0.5875706214689266,0.5921052631578947,0.6444726656990808,0.6548576227167066,0.6373771523493813,0.6522904483430799,0.6395689926286875,0.6497175141242938,0.6381578947368421,0.0,"{'bajo': 9, 'medio': 3, 'alto': 11}",0.5960145955590194
96,bootstrap_090,"['low risk', 'mid risk', 'high risk']",19,2.5789473684210527,4,0.8832391713747646,0.8418079096045198,0.8486842105263158,0.64061331750011,0.6036698614574815,0.5865217342133326,0.6170498084291188,0.6032085960240429,0.615819209039548,0.5986842105263158,0.6523260544486958,0.5954145355363338,0.6158791045401658,0.600048786911292,0.626237618056372,0.5932203389830508,0.6118421052631579,0.056911518912362014,"{'bajo': 6, 'medio': 4, 'alto': 9}",0.5955313337656264
82,bootstrap_076,"['mid risk', 'low risk', 'high risk']",17,2.7058823529411766,4,0.9717514124293786,0.9322033898305084,0.9736842105263158,0.6271908123323218,0.5667477639003876,0.5991572549716169,0.5535155466671003,0.5787565822259025,0.5932203389830508,0.6217105263157895,0.6372185204732375,0.590401405911125,0.6211189855127419,0.585656922292024,0.6043085375551218,0.6101694915254238,0.6381578947368421,0.04681711456211246,"{'bajo': 9, 'medio': 3, 'alto': 5}",0.5952454312197877
114,bootstrap_108,"['low risk', 'mid risk', 'high risk']",25,2.92,5,0.8738229755178908,0.8587570621468926,0.8651315789473685,0.6113053613053613,0.5727851905277076,0.5820252756983015,0.5546411796411796,0.5561306029232393,0.6045197740112994,0.6085526315789473,0.6403329375027488,0.6086931494000667,0.6426918745089587,0.6074071060850542,0.6390425268786082,0.632768361581921,0.6611842105263158,0.03163978810268209,"{'bajo': 12, 'medio': 4, 'alto': 9}",0.5951880402236354
61,bootstrap_055,"['high risk', 'mid risk', 'low risk']",26,2.923076923076923,6,0.8210922787193974,0.807909604519774,0.8388157894736842,0.6793249989004706,0.6013723886775395,0.6104512890313422,0.6127244720759886,0.6201676250610743,0.6101694915254238,0.6151315789473685,0.659629678497603,0.6091519667348967,0.6200835161121433,0.6121393447278233,0.6226572695763934,0.6045197740112994,0.618421052631579,0.05047771176270632,"{'bajo': 9, 'medio': 5, 'alto': 12}",0.5948314704395807
85,bootstrap_079,"['high risk', 'mid risk', 'low risk']",23,2.9130434782608696,5,0.9190207156308852,0.8926553672316384,0.930921052631579,0.6255745041122399,0.5699527130326133,0.6386670817857839,0.5063563887093299,0.5880345776110388,0.576271186440678,0.6480263157894737,0.6581892949817477,0.6052731825500424,0.6598863877518573,0.5833716649764346,0.6353915232091413,0.6101694915254238,0.6677631578947368,0.05291611243170535,"{'bajo': 7, 'medio': 3, 'alto': 13}",0.5943340314807659
72,bootstrap_066,"['low risk', 'mid risk', 'high risk']",18,3.0,5,0.6949152542372882,0.6892655367231638,0.7532894736842105,0.6175177024233628,0.5745865988091067,0.6264972395243958,0.5824311792186174,0.629286739324361,0.5819209039548022,0.6282894736842105,0.6050490390113031,0.6243911358522575,0.6532564564660457,0.61480026680501,0.6490070880921612,0.6101694915254238,0.6447368421052632,0.0,"{'bajo': 7, 'medio': 4, 'alto': 7}",0.5940194680407676
91,bootstrap_085,"['high risk', 'mid risk', 'low risk']",24,3.0,5,0.7853107344632768,0.7853107344632768,0.7763157894736842,0.6128227118793156,0.5548608395172091,0.556955141190394,0.5426476978387577,0.5290404958947202,0.5875706214689266,0.5855263157894737,0.6657595549104983,0.6233448291624976,0.6287833883166588,0.6214868999808759,0.6194771241830065,0.6440677966101694,0.6414473684210527,0.04241472574800076,"{'bajo': 8, 'medio': 5, 'alto': 11}",0.5932036096417059
52,bootstrap_046,"['mid risk', 'low risk', 'high risk']",22,3.1363636363636362,5,0.8380414312617702,0.8418079096045198,0.8322368421052632,0.6335131063904649,0.5756887762444362,0.5689786273527574,0.5938545958390047,0.5854813875536827,0.5988700564971752,0.5888157894736842,0.6599018120244535,0.6049531955526887,0.5969429537188752,0.6065039793853353,0.5992944809329663,0.6271186440677966,0.618421052631579,0.054948616471764855,"{'bajo': 8, 'medio': 7, 'alto': 7}",0.593198111100629
45,bootstrap_039,"['mid risk', 'high risk', 'low risk']",20,3.3,5,0.7721280602636534,0.7627118644067796,0.7927631578947368,0.6123031842371466,0.5554872690887481,0.571272759204967,0.5725497316401206,0.5885621402862783,0.576271186440678,0.5888157894736842,0.6522215991555614,0.6210473563825554,0.6097684047783936,0.6177060740619106,0.6044088263581248,0.6384180790960452,0.625,0.031174242773006067,"{'bajo': 8, 'medio': 6, 'alto': 6}",0.593104213717246
17,bootstrap_011,"['low risk', 'high risk', 'mid risk']",25,3.08,6,0.8738229755178908,0.8983050847457628,0.9046052631578947,0.6124158860007917,0.582374642130944,0.6269822104161636,0.563573883161512,0.6045107992782411,0.6045197740112994,0.6480263157894737,0.6090568236794652,0.595583840825939,0.6185560906423236,0.5736088624019658,0.6003542765769153,0.615819209039548,0.631578947368421,0.013472982853526272,"{'bajo': 11, 'medio': 5, 'alto': 9}",0.5920345944112549
102,bootstrap_096,"['low risk', 'mid risk', 'high risk']",19,2.789473684210526,5,0.7080979284369114,0.7175141242937854,0.75,0.6591541320314905,0.5957429877981678,0.596512533736744,0.607416539685633,0.6042555756209027,0.6045197740112994,0.6052631578947368,0.6210444429784053,0.6092518568557638,0.6389641181413042,0.6036392634478759,0.6333438623094226,0.5988700564971752,0.631578947368421,0.011792586122641557,"{'bajo': 8, 'medio': 2, 'alto': 9}",0.5910502354555496
33,bootstrap_027,"['mid risk', 'high risk', 'low risk']",26,2.8846153846153846,5,0.9096045197740112,0.8926553672316384,0.8980263157894737,0.6388595681048511,0.5637341297454156,0.5929657267278835,0.5761512228284293,0.6034547876742248,0.5706214689265536,0.5986842105263158,0.6494672780050138,0.5994033681594314,0.618032867588311,0.6056355222397957,0.6174970458940777,0.615819209039548,0.6348684210526315,0.0500639098455824,"{'bajo': 12, 'medio': 3, 'alto': 11}",0.5902744034836632
74,bootstrap_068,"['high risk', 'low risk', 'mid risk']",23,3.1739130434782608,6,0.7890772128060264,0.8248587570621468,0.805921052631579,0.6308907287680873,0.6008052159573621,0.5896078521377636,0.6206742179072277,0.6039373872027726,0.615819209039548,0.6019736842105263,0.6317621058187095,0.5924703165501,0.6343455853345866,0.605096549540994,0.6375159473198689,0.5988700564971752,0.6414473684210527,0.039291789268609545,"{'bajo': 9, 'medio': 5, 'alto': 9}",0.590177142663406
112,bootstrap_106,"['mid risk', 'low risk', 'high risk']",25,3.2,5,0.8342749529190208,0.8248587570621468,0.875,0.6396154945683247,0.5887303627027219,0.596998502511005,0.6052088475766808,0.6157184908819299,0.5932203389830508,0.5986842105263158,0.6295987817214233,0.5987075234191542,0.6301188877202576,0.6006473509716818,0.6391452892911359,0.5988700564971752,0.631578947368421,0.03089125830226902,"{'bajo': 9, 'medio': 6, 'alto': 10}",0.589355882138391
40,bootstrap_034,"['mid risk', 'low risk', 'high risk']",25,3.12,6,0.9303201506591338,0.9209039548022598,0.9013157894736842,0.6605065531952324,0.5584518047097345,0.5784764729244544,0.5750558213716109,0.5956311394907886,0.5706214689265536,0.5888157894736842,0.6443352245239038,0.5928580256632959,0.615089114232931,0.598676177623546,0.6169416797291611,0.6045197740112994,0.6217105263157895,0.051477198860607865,"{'bajo': 11, 'medio': 5, 'alto': 9}",0.5887535270731451
56,bootstrap_050,"['high risk', 'low risk', 'mid risk']",23,3.0,5,0.8380414312617702,0.8587570621468926,0.819078947368421,0.6760593965782645,0.5891180718159178,0.6108048720614855,0.6000690131124914,0.6228379431813519,0.5988700564971752,0.618421052631579,0.6441675462901878,0.5902524172562723,0.6103471766245361,0.5960945785763304,0.6137648276411114,0.5875706214689266,0.6019736842105263,0.05391512903391549,"{'bajo': 7, 'medio': 5, 'alto': 11}",0.5884892306119464
124,bootstrap_118,"['mid risk', 'low risk', 'high risk']",22,2.8636363636363638,5,0.7419962335216572,0.7005649717514124,0.7467105263157895,0.5993589743589743,0.534559442240654,0.5624647830636723,0.5053105624719386,0.5352401318720484,0.5706214689265536,0.5921052631578947,0.6550941197167612,0.6352520701804286,0.6288954837834116,0.6137851310982616,0.6045901143163139,0.6497175141242938,0.6414473684210527,0.019842049536332618,"{'bajo': 10, 'medio': 2, 'alto': 10}",0.588480831346496
78,bootstrap_072,"['low risk', 'mid risk', 'high risk']",22,3.090909090909091,5,0.8361581920903954,0.847457627118644,0.8782894736842105,0.6063822184105203,0.5817871527760142,0.5953114158422494,0.570677488634145,0.5699092803101187,0.6101694915254238,0.618421052631579,0.6168332453709812,0.5927987688119339,0.6363952359759257,0.584421433991824,0.6200994433549255,0.6101694915254238,0.6513157894736842,0.024034476559047224,"{'bajo': 8, 'medio': 5, 'alto': 9}",0.5882429972442643
83,bootstrap_077,"['low risk', 'high risk', 'mid risk']",21,3.0,5,0.7928436911487758,0.807909604519774,0.819078947368421,0.5547785547785548,0.5496987212371476,0.53660765189601,0.5282710757297407,0.4917845499808064,0.5819209039548022,0.5657894736842105,0.6139084971632142,0.6062957864992576,0.6051851304864411,0.5984174249943804,0.5860028908370105,0.632768361581921,0.625,0.007612710663956523,"{'bajo': 11, 'medio': 3, 'alto': 7}",0.5875897049152761
46,bootstrap_040,"['mid risk', 'low risk', 'high risk']",17,3.1176470588235294,5,0.7099811676082862,0.6610169491525424,0.7401315789473685,0.6118523771825659,0.5768637549542961,0.6061670468598966,0.5956251972625728,0.6193025694390077,0.5875706214689266,0.6118421052631579,0.5710653340370321,0.6102863121752512,0.6450495382132448,0.6146194650667515,0.6453790931190787,0.5932203389830508,0.6282894736842105,0.0,"{'bajo': 6, 'medio': 4, 'alto': 7}",0.5853295485004143
106,bootstrap_100,"['mid risk', 'low risk', 'high risk']",25,3.12,5,0.7495291902071564,0.7740112994350282,0.75,0.618037230065532,0.5596758819535799,0.5767348353460623,0.5221570443552537,0.5446436114885312,0.5875706214689266,0.6019736842105263,0.665468179619123,0.6106029130668129,0.6172681569709078,0.6064080947560831,0.6177385182394464,0.632768361581921,0.6348684210526315,0.054865266552310055,"{'bajo': 10, 'medio': 4, 'alto': 11}",0.5837853090156181
68,bootstrap_062,"['high risk', 'low risk', 'mid risk']",17,3.176470588235294,6,0.768361581920904,0.7909604519774012,0.819078947368421,0.5950433214584159,0.572168919273545,0.5973570749536151,0.5917492282703248,0.6152739233220269,0.5819209039548022,0.6019736842105263,0.5896803668030083,0.5854780080894068,0.6296804846781796,0.6002171278619977,0.641562227589065,0.5875706214689266,0.631578947368421,0.004202358713601528,"{'bajo': 9, 'medio': 3, 'alto': 5}",0.5833304279476722
22,bootstrap_016,"['mid risk', 'low risk', 'high risk']",27,2.888888888888889,5,0.8512241054613936,0.8587570621468926,0.8782894736842105,0.6227349694330827,0.5869492710560756,0.5983925443542136,0.5835018692161549,0.5802130459911344,0.615819209039548,0.6217105263157895,0.6331804987465365,0.58761633389712,0.6094420972030684,0.5871131505960051,0.5997494821024233,0.6045197740112994,0.625,0.0455641648494165,"{'bajo': 12, 'medio': 5, 'alto': 10}",0.5832568341915941
32,bootstrap_026,"['high risk', 'low risk', 'mid risk']",18,2.7222222222222223,4,0.6760828625235404,0.6949152542372882,0.6842105263157895,0.5988064608347627,0.5501863204712104,0.5538740126784297,0.5133225219912526,0.5188592831921098,0.5819209039548022,0.5822368421052632,0.6585411443902011,0.6144224404003055,0.6300087880184915,0.616775005709384,0.627130094761867,0.632768361581921,0.6447368421052632,0.04411870398989559,"{'bajo': 7, 'medio': 2, 'alto': 9}",0.5827115750895674
38,bootstrap_032,"['high risk', 'low risk', 'mid risk']",27,2.888888888888889,5,0.9378531073446328,0.8700564971751412,0.9078947368421053,0.6549071997185204,0.5577254850173284,0.5953064264297827,0.5510393887251572,0.5936885503208541,0.5875706214689266,0.618421052631579,0.6577412367506706,0.5959309166696295,0.5870146881650472,0.5939934492315445,0.5853768453768453,0.6214689265536724,0.6052631578947368,0.06181032008104115,"{'bajo': 11, 'medio': 6, 'alto': 10}",0.582575033974897
64,bootstrap_058,"['mid risk', 'low risk', 'high risk']",26,3.1153846153846154,5,0.8945386064030132,0.8870056497175142,0.8585526315789473,0.6301045652460746,0.5661602745454576,0.5787472317076497,0.5502694017273148,0.5616323386074102,0.5988700564971752,0.6085526315789473,0.6783024365571535,0.5907687983895681,0.6087269480828349,0.5858125685972456,0.6040614773258531,0.615819209039548,0.631578947368421,0.08753363816758541,"{'bajo': 12, 'medio': 4, 'alto': 10}",0.5820215940269724
105,bootstrap_099,"['mid risk', 'high risk', 'low risk']",22,2.9545454545454546,4,0.7928436911487758,0.751412429378531,0.7861842105263158,0.5766481945727229,0.5704877177477656,0.5615384154823465,0.5535787826373445,0.5523499428261333,0.5988700564971752,0.5855263157894737,0.6117451730659278,0.5995032582802985,0.6111361690492775,0.5986928104575163,0.6154875918530262,0.6101694915254238,0.618421052631579,0.012241914785629304,"{'bajo': 9, 'medio': 4, 'alto': 9}",0.5817476009340258
118,bootstrap_112,"['mid risk', 'low risk', 'high risk']",22,3.0454545454545454,5,0.8022598870056498,0.8192090395480226,0.819078947368421,0.5887842503408541,0.5459587673897696,0.5279896060559494,0.5244444444444444,0.4874603174603174,0.576271186440678,0.5526315789473685,0.6322816334608787,0.5993034780385643,0.5883026218364631,0.5892648266003894,0.5724766486742163,0.6214689265536724,0.6019736842105263,0.032978155422314415,"{'bajo': 9, 'medio': 5, 'alto': 8}",0.5815419713409616
95,bootstrap_089,"['low risk', 'high risk', 'mid risk']",25,2.88,5,0.7495291902071564,0.7740112994350282,0.7993421052631579,0.6036746272595329,0.5596758819535799,0.5774995459634655,0.5219183863847013,0.5436846183649747,0.5875706214689266,0.6019736842105263,0.6433291551216079,0.6049531955526887,0.6087622065975998,0.5944090023037392,0.5973982124451861,0.6271186440677966,0.6217105263157895,0.03837595956891926,"{'bajo': 10, 'medio': 4, 'alto': 11}",0.5805850063624911
44,bootstrap_038,"['high risk', 'low risk', 'mid risk']",28,3.2857142857142856,6,0.8041431261770244,0.8022598870056498,0.8289473684210527,0.6582305273343009,0.5947881059647947,0.5887935800231907,0.607195840912316,0.5981366441305913,0.6045197740112994,0.5953947368421053,0.6484117297796542,0.5906604430042207,0.6313220013797388,0.5946566155878399,0.6307863418974531,0.5932203389830508,0.631578947368421,0.05775128677543351,"{'bajo': 8, 'medio': 5, 'alto': 15}",0.5800919286156466
60,bootstrap_054,"['low risk', 'mid risk', 'high risk']",21,2.5714285714285716,5,0.7796610169491526,0.8022598870056498,0.8486842105263158,0.6127374983507059,0.5734725700035046,0.6017554083568002,0.5437078079869502,0.5593372935308419,0.5932203389830508,0.618421052631579,0.6397336939789771,0.5926311565752249,0.6358577099395083,0.561345464571271,0.6077352351848334,0.5932203389830508,0.6381578947368421,0.04710253740375214,"{'bajo': 8, 'medio': 3, 'alto': 10}",0.5792655005758178
108,bootstrap_102,"['low risk', 'mid risk', 'high risk']",24,3.0416666666666665,5,0.8060263653483992,0.7570621468926554,0.8026315789473685,0.6057994678277697,0.5549810462728287,0.5782642565808688,0.5205505279034691,0.5403279580866843,0.5819209039548022,0.6019736842105263,0.6545058714870035,0.6089132462765534,0.6410906057346312,0.5806898012964398,0.61234438430408,0.6214689265536724,0.6513157894736842,0.045592625210450044,"{'bajo': 10, 'medio': 3, 'alto': 11}",0.5789483959512295
97,bootstrap_091,"['high risk', 'mid risk', 'low risk']",23,2.869565217391304,4,0.8455743879472694,0.7966101694915254,0.805921052631579,0.6299286405418482,0.5685576374462668,0.5583724669584476,0.5594572638492784,0.5433834364868848,0.5988700564971752,0.5855263157894737,0.6478702115494569,0.5918235703438083,0.6061144917152469,0.5926182557280119,0.6048191284203828,0.6101694915254238,0.618421052631579,0.05604664120564862,"{'bajo': 10, 'medio': 4, 'alto': 9}",0.5784938231228288
58,bootstrap_052,"['mid risk', 'low risk', 'high risk']",21,3.0,5,0.7250470809792844,0.6384180790960452,0.7105263157894737,0.5853784580199674,0.515312816918339,0.5486906783804767,0.4722535035035034,0.5234053926914277,0.5480225988700564,0.5756578947368421,0.6329550952192461,0.6290944367974889,0.6195350133682992,0.6278648565992194,0.6170188392623676,0.6440677966101694,0.631578947368421,0.0038606584217572015,"{'bajo': 8, 'medio': 2, 'alto': 11}",0.5782950424308508
53,bootstrap_047,"['low risk', 'high risk', 'mid risk']",20,2.95,5,0.8229755178907722,0.8192090395480226,0.819078947368421,0.6180674671240709,0.575649836027827,0.5641013103527647,0.56314889788574,0.543257229981219,0.6045197740112994,0.5921052631578947,0.6198239653428333,0.5806240254364267,0.5893936400291914,0.5740250752793885,0.5793635069932406,0.5932203389830508,0.6019736842105263,0.03919993990640669,"{'bajo': 8, 'medio': 3, 'alto': 9}",0.5778053944111995
51,bootstrap_045,"['mid risk', 'high risk', 'low risk']",20,3.15,5,0.7250470809792844,0.751412429378531,0.7236842105263158,0.6088671548577209,0.5659317124044906,0.523377060544192,0.5786501287491387,0.5325261683620817,0.5819209039548022,0.5361842105263158,0.678197981264019,0.5968570166037698,0.6149800124136582,0.5994395464140828,0.6163744187869429,0.5932203389830508,0.6085526315789473,0.0813409646602492,"{'bajo': 8, 'medio': 4, 'alto': 8}",0.5776330001290321
79,bootstrap_073,"['high risk', 'mid risk', 'low risk']",19,2.6842105263157894,4,0.8945386064030132,0.8418079096045198,0.8388157894736842,0.6340078946211022,0.5723974814145119,0.5677056619187417,0.5599999999999999,0.538465104024357,0.5988700564971752,0.5921052631578947,0.6537719356115583,0.5781267724147505,0.580391742056689,0.5743871643261887,0.5622556543010545,0.5988700564971752,0.5953947368421053,0.07564516319680781,"{'bajo': 9, 'medio': 2, 'alto': 8}",0.5771301317235082
14,bootstrap_008,"['high risk', 'low risk', 'mid risk']",25,2.96,5,0.8248587570621468,0.7909604519774012,0.8486842105263158,0.6085125566257642,0.5619530380987693,0.5954185218965355,0.5480274795343288,0.585520121451086,0.5932203389830508,0.618421052631579,0.6106648854290363,0.5912360809888784,0.607474272926184,0.5944558741588445,0.6068136937298797,0.615819209039548,0.625,0.019428804440157932,"{'bajo': 9, 'medio': 5, 'alto': 11}",0.5768288405058096
87,bootstrap_081,"['mid risk', 'high risk', 'low risk']",20,2.85,5,0.751412429378531,0.751412429378531,0.756578947368421,0.6211873818005894,0.5601431645528901,0.5789168717315191,0.5402640562349835,0.5551144310269979,0.5875706214689266,0.6019736842105263,0.6070639266393983,0.5932660514112442,0.5981540504383033,0.5844256845978016,0.5823106001760655,0.6101694915254238,0.6052631578947368,0.013797875228154122,"{'bajo': 10, 'medio': 2, 'alto': 8}",0.5765555762524257
54,bootstrap_048,"['low risk', 'mid risk', 'high risk']",23,3.0869565217391304,5,0.7212806026365348,0.6949152542372882,0.6973684210526315,0.6048153890135022,0.5888793513575745,0.5973015261614852,0.5774986709197235,0.5729584221186101,0.615819209039548,0.6217105263157895,0.6043370937238862,0.5938332241314216,0.5968165552697177,0.5967536984978845,0.5931307441054733,0.6045197740112994,0.6019736842105263,0.010503869592464632,"{'bajo': 7, 'medio': 6, 'alto': 10}",0.5760841841311198
90,bootstrap_084,"['low risk', 'mid risk', 'high risk']",25,2.88,5,0.903954802259887,0.8870056497175142,0.9111842105263158,0.6493683203588864,0.5717016366742346,0.623438397054783,0.5825505395956833,0.6280547875896713,0.5819209039548022,0.6282894736842105,0.6314294981747812,0.5727564086284748,0.641469468454606,0.5802668201038377,0.6431528055884624,0.576271186440678,0.6447368421052632,0.058673089546306456,"{'bajo': 10, 'medio': 6, 'alto': 9}",0.5757621241539043
7,bootstrap_001,"['high risk', 'mid risk', 'low risk']",23,3.130434782608696,5,0.7608286252354048,0.768361581920904,0.805921052631579,0.6464848045036725,0.5741988896959107,0.6286792759098526,0.575483288166215,0.6326070505026594,0.576271186440678,0.6282894736842105,0.6200631129876413,0.5899256580473343,0.6553859377068527,0.5747503056694652,0.6507745266781412,0.5819209039548022,0.6513157894736842,0.03013745494030695,"{'bajo': 9, 'medio': 4, 'alto': 10}",0.575356922974871
41,bootstrap_035,"['low risk', 'high risk', 'mid risk']",23,2.869565217391304,5,0.8097928436911488,0.8757062146892656,0.8782894736842105,0.5562409288824383,0.549578514481528,0.5291301857458474,0.5416919121519066,0.5051766256327314,0.5875706214689266,0.5592105263157895,0.5925693803052293,0.5709346837123233,0.5681390755483531,0.5727696764373742,0.5581593588254833,0.5988700564971752,0.5921052631578947,0.021634696592906066,"{'bajo': 8, 'medio': 3, 'alto': 12}",0.571898899035486
110,bootstrap_104,"['high risk', 'low risk', 'mid risk']",22,2.8181818181818183,4,0.8738229755178908,0.8418079096045198,0.881578947368421,0.6351239169635395,0.5884916422443787,0.5950153773692225,0.5757118336835688,0.5749221538695223,0.6101694915254238,0.6085526315789473,0.6315339534679157,0.568369708574805,0.6065256193025068,0.5516448038309708,0.6035046687885769,0.5819209039548022,0.6151315789473685,0.06316424489311079,"{'bajo': 9, 'medio': 4, 'alto': 9}",0.5715702418351719
11,bootstrap_005,"['low risk', 'high risk', 'mid risk']",27,3.259259259259259,5,0.687382297551789,0.6949152542372882,0.7368421052631579,0.6377985222324846,0.6122248577412305,0.6318947859309212,0.6259917179457409,0.643288895886912,0.6214689265536724,0.6348684210526315,0.6118661213000836,0.5853103958526976,0.6561456589117892,0.5813080902022768,0.6602513048364861,0.5706214689265536,0.6513157894736842,0.026555725447385936,"{'bajo': 9, 'medio': 4, 'alto': 14}",0.5711447176461822
76,bootstrap_070,"['mid risk', 'low risk', 'high risk']",19,2.6842105263157894,6,0.8700564971751412,0.8757062146892656,0.8782894736842105,0.6629172714078374,0.5853984346032923,0.6326594965483244,0.5910733132238889,0.6364870217485036,0.5932203389830508,0.6348684210526315,0.5928140255970444,0.553122074192964,0.6478013655024039,0.5517552028028936,0.6413179748327303,0.5480225988700564,0.6447368421052632,0.03969195140408044,"{'bajo': 7, 'medio': 5, 'alto': 7}",0.5701522681961525
66,bootstrap_060,"['low risk', 'mid risk', 'high risk']",25,2.96,6,0.7156308851224106,0.6440677966101694,0.6677631578947368,0.614406034217355,0.5987363053183871,0.5914383012580637,0.5930161407548342,0.5726864665888027,0.6271186440677966,0.6118421052631579,0.6150822447992259,0.5896056710499805,0.5971155873902246,0.5990639569110668,0.6052892328941305,0.5988700564971752,0.5986842105263158,0.02547657374924539,"{'bajo': 11, 'medio': 5, 'alto': 9}",0.568839443253329
55,bootstrap_049,"['high risk', 'mid risk', 'low risk']",28,3.142857142857143,6,0.8135593220338984,0.8192090395480226,0.8453947368421053,0.6405720851475568,0.5875757006276147,0.5998351498120987,0.6058504383542159,0.6137614158488853,0.6045197740112994,0.6118421052631579,0.6462401592118573,0.570238838972046,0.6400967147712554,0.5896123219994188,0.6499579557009004,0.5819209039548022,0.6513157894736842,0.07600132023981132,"{'bajo': 10, 'medio': 7, 'alto': 11}",0.5687166297542996
25,bootstrap_019,"['high risk', 'mid risk', 'low risk']",22,2.909090909090909,5,0.7005649717514124,0.6384180790960452,0.6414473684210527,0.6418805251352421,0.5899341233118146,0.5826283293517822,0.5731737717414258,0.559778418203901,0.6101694915254238,0.6019736842105263,0.6212286141531423,0.5923027043133908,0.6029019753416583,0.5840658102321389,0.5941422199380033,0.5819209039548022,0.5986842105263158,0.028925909839751518,"{'bajo': 8, 'medio': 4, 'alto': 10}",0.5684402702598892
10,bootstrap_004,"['mid risk', 'low risk', 'high risk']",20,3.05,5,0.6101694915254238,0.6045197740112994,0.6644736842105263,0.6131140871706909,0.6019886599317023,0.5851064042102657,0.6027935202051503,0.5675475364330326,0.632768361581921,0.6118421052631579,0.611593987773233,0.5869204891568428,0.6168104615339582,0.5911901280176505,0.6199777992937546,0.5875706214689266,0.618421052631579,0.024673498616390233,"{'bajo': 7, 'medio': 4, 'alto': 9}",0.5671952918368374
73,bootstrap_067,"['high risk', 'mid risk', 'low risk']",19,3.0,5,0.7024482109227872,0.6949152542372882,0.7203947368421053,0.626118771165941,0.5668865942378637,0.5619748227594378,0.5845054945054945,0.5759807043748649,0.5819209039548022,0.5723684210526315,0.5838940933280555,0.5794405814620865,0.6067701005133773,0.5873518904053254,0.6130195618917423,0.576271186440678,0.6052631578947368,0.004453511865968984,"{'bajo': 7, 'medio': 5, 'alto': 7}",0.5668516484495789
70,bootstrap_064,"['mid risk', 'low risk', 'high risk']",23,2.9565217391304346,5,0.9058380414312618,0.9096045197740112,0.9013157894736842,0.6402669657386638,0.562271332043227,0.5767278501686088,0.579515290999756,0.5948815332964753,0.5706214689265536,0.5888157894736842,0.633996899327088,0.5547321674971092,0.5980642410139018,0.5641601197156753,0.6074667464053572,0.5649717514124294,0.6085526315789473,0.07926473182997884,"{'bajo': 8, 'medio': 6, 'alto': 9}",0.5659835775146698
48,bootstrap_042,"['low risk', 'mid risk', 'high risk']",27,3.111111111111111,5,0.8568738229755178,0.847457627118644,0.8585526315789473,0.6455447068654616,0.5909482619965496,0.6162074078804776,0.6057692307692307,0.6296136109314555,0.6045197740112994,0.625,0.6420097198399085,0.5595268932987273,0.6478509269995736,0.5676367986271599,0.6486945211129088,0.5649717514124294,0.6513157894736842,0.08248282654118122,"{'bajo': 10, 'medio': 4, 'alto': 13}",0.565088400296195
20,bootstrap_014,"['high risk', 'low risk', 'mid risk']",23,3.130434782608696,5,0.7777777777777778,0.7401129943502824,0.7664473684210527,0.6397474380964946,0.5814587005141801,0.5763217119938159,0.5992992992992993,0.5906224736948826,0.5988700564971752,0.5921052631578947,0.6236338347187403,0.5722688093944119,0.6277449252685801,0.5791768738018545,0.6296289894983259,0.576271186440678,0.6348684210526315,0.051365025324328406,"{'bajo': 8, 'medio': 5, 'alto': 10}",0.5645368803490394
49,bootstrap_043,"['high risk', 'mid risk', 'low risk']",21,3.1904761904761907,5,0.7024482109227872,0.6497175141242938,0.6381578947368421,0.6319490258169503,0.5507331765566351,0.5949801188544576,0.5519705059750826,0.5923132224303441,0.576271186440678,0.618421052631579,0.627883515855214,0.5904606627624868,0.6073924465617293,0.6014390176713333,0.6216359361670699,0.6045197740112994,0.6151315789473685,0.03742285309272719,"{'bajo': 7, 'medio': 7, 'alto': 7}",0.5628714772174968
1,entrenamiento_completo,"['high risk', 'mid risk', 'low risk']",21,2.619047619047619,4,0.8625235404896422,0.8135593220338984,0.8421052631578947,0.6185897435897436,0.5525836833720196,0.5802543669001047,0.5189198486412109,0.5467744185796924,0.5819209039548022,0.6052631578947368,0.6306075999472226,0.5681699283330709,0.6151709405973856,0.5550491715172537,0.5964117108025658,0.5932203389830508,0.631578947368421,0.0624376716141517,"{'bajo': 8, 'medio': 2, 'alto': 11}",0.562590666615347
2,entrenamiento_completo,"['high risk', 'low risk', 'mid risk']",21,2.619047619047619,4,0.8625235404896422,0.8135593220338984,0.8421052631578947,0.6185897435897436,0.5525836833720196,0.5802543669001047,0.5189198486412109,0.5467744185796924,0.5819209039548022,0.6052631578947368,0.6306075999472226,0.5681699283330709,0.6151709405973856,0.5550491715172537,0.5964117108025658,0.5932203389830508,0.631578947368421,0.0624376716141517,"{'bajo': 8, 'medio': 2, 'alto': 11}",0.562590666615347
3,entrenamiento_completo,"['mid risk', 'high risk', 'low risk']",21,2.619047619047619,4,0.8625235404896422,0.8135593220338984,0.8421052631578947,0.6139277389277389,0.5525836833720196,0.5761893262496982,0.5189198486412109,0.5430893367680022,0.5819209039548022,0.6019736842105263,0.6306075999472226,0.5681699283330709,0.6151709405973856,0.5550491715172537,0.5964117108025658,0.5932203389830508,0.631578947368421,0.0624376716141517,"{'bajo': 8, 'medio': 2, 'alto': 11}",0.562590666615347
84,bootstrap_078,"['low risk', 'mid risk', 'high risk']",25,3.08,5,0.7382297551789078,0.7570621468926554,0.7697368421052632,0.5832178827461846,0.5640033251558879,0.5945244191824948,0.5095159677958138,0.5556037168638307,0.5875706214689266,0.6151315789473685,0.6272430399788891,0.580177059471869,0.6224867497836258,0.5497340520350599,0.6076200764065215,0.5932203389830508,0.631578947368421,0.047065980507020044,"{'bajo': 10, 'medio': 4, 'alto': 11}",0.5624655156345326
4,entrenamiento_completo,"['mid risk', 'low risk', 'high risk']",21,2.619047619047619,4,0.8625235404896422,0.8135593220338984,0.8421052631578947,0.5952797202797203,0.5360019233080898,0.5599291636480722,0.502774214566408,0.527726874541279,0.5706214689265536,0.5888157894736842,0.6306075999472226,0.5681699283330709,0.6151709405973856,0.5550491715172537,0.5964117108025658,0.5932203389830508,0.631578947368421,0.0624376716141517,"{'bajo': 8, 'medio': 2, 'alto': 11}",0.559274314602561
5,entrenamiento_completo,"['low risk', 'high risk', 'mid risk']",21,2.619047619047619,4,0.8625235404896422,0.8135593220338984,0.8421052631578947,0.5999417249417249,0.5360019233080898,0.5639942042984787,0.502774214566408,0.5316046381452862,0.5706214689265536,0.5921052631578947,0.6306075999472226,0.5681699283330709,0.6151709405973856,0.5550491715172537,0.5964117108025658,0.5932203389830508,0.631578947368421,0.0624376716141517,"{'bajo': 8, 'medio': 2, 'alto': 11}",0.559274314602561
6,entrenamiento_completo,"['low risk', 'mid risk', 'high risk']",21,2.619047619047619,4,0.8625235404896422,0.8135593220338984,0.8421052631578947,0.5952797202797203,0.5360019233080898,0.5599291636480722,0.502774214566408,0.527726874541279,0.5706214689265536,0.5888157894736842,0.6306075999472226,0.5681699283330709,0.6151709405973856,0.5550491715172537,0.5964117108025658,0.5932203389830508,0.631578947368421,0.0624376716141517,"{'bajo': 8, 'medio': 2, 'alto': 11}",0.559274314602561
71,bootstrap_065,"['low risk', 'high risk', 'mid risk']",25,3.12,6,0.6911487758945386,0.7401129943502824,0.6973684210526315,0.6489559968333553,0.603690178092234,0.5971924243422125,0.616896545145844,0.6103981050576527,0.615819209039548,0.6085526315789473,0.6295190658398205,0.5596064667848418,0.6356860741506524,0.5640119688747428,0.6382214688812218,0.559322033898305,0.631578947368421,0.06991259905497871,"{'bajo': 8, 'medio': 4, 'alto': 13}",0.5587081353806214
28,bootstrap_022,"['mid risk', 'low risk', 'high risk']",23,3.391304347826087,5,0.7664783427495292,0.7401129943502824,0.7796052631578947,0.6047824031314597,0.5087268411526982,0.5559965087417833,0.5211622128915362,0.5707830687830687,0.536723163841808,0.5756578947368421,0.6327489334564806,0.5873962370206333,0.5941881327822361,0.5870431893687708,0.5907262154786906,0.615819209039548,0.6151315789473685,0.045352696435847384,"{'bajo': 11, 'medio': 5, 'alto': 7}",0.5586414702909693
47,bootstrap_041,"['low risk', 'high risk', 'mid risk']",26,2.8846153846153846,5,0.6854990583804144,0.6836158192090396,0.7006578947368421,0.6325757575757575,0.5959715499391348,0.604121387748531,0.5849783549783549,0.5820958828892818,0.6214689265536724,0.6282894736842105,0.6151921977393676,0.5678821093407421,0.5795997559844677,0.5631184557839298,0.579868006106598,0.5819209039548022,0.5921052631578947,0.047310088398625494,"{'bajo': 10, 'medio': 5, 'alto': 11}",0.5559432877375637
43,bootstrap_037,"['high risk', 'mid risk', 'low risk']",21,3.0,5,0.647834274952919,0.6440677966101694,0.5921052631578947,0.6345961428508599,0.6229977533188069,0.6067418271760657,0.605664631798933,0.5788751621564546,0.6384180790960452,0.6282894736842105,0.568541914060782,0.5551317279805773,0.5505028329883985,0.5419265263236895,0.5363672529636566,0.5423728813559322,0.5427631578947368,0.013410186080204722,"{'bajo': 6, 'medio': 4, 'alto': 11}",0.5543443376434257
104,bootstrap_098,"['high risk', 'low risk', 'mid risk']",20,3.0,5,0.6610169491525424,0.632768361581921,0.6776315789473685,0.6270478735101376,0.5835885610574131,0.6099683139045612,0.5907622739018088,0.6104960258724141,0.5875706214689266,0.6085526315789473,0.609788010731407,0.5619157909350562,0.5798602033152318,0.5411052354266633,0.5610480645203321,0.536723163841808,0.555921052631579,0.04787221979635081,"{'bajo': 8, 'medio': 4, 'alto': 8}",0.5476693563900517
31,bootstrap_025,"['high risk', 'mid risk', 'low risk']",22,2.909090909090909,5,0.591337099811676,0.559322033898305,0.5592105263157895,0.6368914104763161,0.5894668407125043,0.5832011139029646,0.5623011478493206,0.5539410382714908,0.6101694915254238,0.6052631578947368,0.6007746184632977,0.5717134880445071,0.5844900454568739,0.5540609903381642,0.574909063549142,0.5536723163841808,0.5756578947368421,0.02906113041879066,"{'bajo': 7, 'medio': 3, 'alto': 12}",0.5471353580674619
120,bootstrap_114,"['low risk', 'mid risk', 'high risk']",25,3.12,5,0.6308851224105462,0.5423728813559322,0.6151315789473685,0.6012529137529138,0.5412842483437711,0.5734345053130591,0.5004616982187076,0.538782657580661,0.5706214689265536,0.5986842105263158,0.6234276729559748,0.5898257679264672,0.6535797703938908,0.5764563640830103,0.6476970587127631,0.5875706214689266,0.6578947368421053,0.03360190502950755,"{'bajo': 11, 'medio': 3, 'alto': 11}",0.5446225629244067
59,bootstrap_053,"['low risk', 'high risk', 'mid risk']",23,2.782608695652174,4,0.696798493408663,0.7062146892655368,0.6875,0.6073717948717948,0.5290096148473966,0.5579390533288362,0.4901607068559706,0.5172809657677587,0.559322033898305,0.5855263157894737,0.619598561815543,0.5631872736599909,0.600555288344799,0.5513317552955995,0.5874137053993169,0.576271186440678,0.6052631578947368,0.056411288155552075,"{'bajo': 9, 'medio': 2, 'alto': 12}",0.5430796398478109
81,bootstrap_075,"['mid risk', 'high risk', 'low risk']",23,2.9565217391304346,5,0.7212806026365348,0.6497175141242938,0.694078947368421,0.6077703742798083,0.5465259401099469,0.5449023838082255,0.5327743902439025,0.5163084446936423,0.5706214689265536,0.5657894736842105,0.6072068654615824,0.5638543365010352,0.5728374389545385,0.5561382168761545,0.5641213886131975,0.5649717514124294,0.5789473684210527,0.0433525289605472,"{'bajo': 9, 'medio': 6, 'alto': 8}",0.5424003029245246
29,bootstrap_023,"['low risk', 'high risk', 'mid risk']",26,2.6153846153846154,4,0.9133709981167608,0.8813559322033898,0.8881578947368421,0.629521814663324,0.5290096148473966,0.5810413635598592,0.49374523398913645,0.5578008272408467,0.559322033898305,0.6085526315789473,0.6206761006289309,0.5413638218298854,0.5915231212699984,0.5078345126537898,0.5631005406533149,0.5649717514124294,0.6085526315789473,0.07931227879904545,"{'bajo': 6, 'medio': 4, 'alto': 16}",0.5419372644301877
23,bootstrap_017,"['low risk', 'high risk', 'mid risk']",20,3.0,6,0.6459510357815442,0.559322033898305,0.6085526315789473,0.6003787878787878,0.5430941218896501,0.5579390533288362,0.5120290022754445,0.5204401873399142,0.576271186440678,0.5855263157894737,0.6197002682851739,0.5620444629551561,0.5914140194507255,0.5593407269674232,0.589481793360047,0.559322033898305,0.5953947368421053,0.057655805330017795,"{'bajo': 9, 'medio': 3, 'alto': 8}",0.53362454167558
13,bootstrap_007,"['high risk', 'mid risk', 'low risk']",22,2.909090909090909,4,0.743879472693032,0.7231638418079096,0.7302631578947368,0.6163054712583015,0.5744460754187343,0.5785563035239223,0.5936120773154311,0.5953838663844923,0.5875706214689266,0.5855263157894737,0.580972093943792,0.5214602919839025,0.5573399912053288,0.5268346944133538,0.5615331132756863,0.519774011299435,0.5526315789473685,0.059511801959889477,"{'bajo': 8, 'medio': 5, 'alto': 9}",0.53114362459983
121,bootstrap_115,"['high risk', 'mid risk', 'low risk']",20,2.65,5,0.8945386064030132,0.864406779661017,0.881578947368421,0.6281281611470291,0.49752729624531655,0.5672925385664952,0.5069186785582246,0.5798524087997773,0.519774011299435,0.5822368421052632,0.6034189866737036,0.520822011042091,0.5639892148860118,0.503394699046873,0.5496269245508442,0.559322033898305,0.5921052631578947,0.08259697563161261,"{'bajo': 6, 'medio': 4, 'alto': 10}",0.5275667638593172
15,bootstrap_009,"['mid risk', 'high risk', 'low risk']",20,2.95,4,0.5800376647834274,0.519774011299435,0.5197368421052632,0.6106236530764833,0.5922315960917567,0.5558095720880292,0.5791706236150681,0.5444332987903137,0.615819209039548,0.5789473684210527,0.5967915732066675,0.5342817815657015,0.5570712281871203,0.5315381635025185,0.5526360014362374,0.5254237288135594,0.5460526315789473,0.06250979164096604,"{'bajo': 7, 'medio': 4, 'alto': 9}",0.5225929378993492
